compiler,param_count,run,status,exit_code,compilation_time_seconds,peak_rss_kb,user_cpu_s,sys_cpu_s,job_id,array_task_id,node,started_at,finished_at,error_message
new,0,1,SUCCESS,0,0.598735,37104,0.45,0.09,1642446,0,cn99,2026-05-25T12:25:44+00:00,2026-05-25T12:25:50+00:00,
new,0,2,SUCCESS,0,0.556147,36932,0.44,0.08,1642446,0,cn99,2026-05-25T12:25:44+00:00,2026-05-25T12:25:50+00:00,
new,0,3,SUCCESS,0,0.563719,36928,0.46,0.07,1642446,0,cn99,2026-05-25T12:25:44+00:00,2026-05-25T12:25:50+00:00,
new,0,4,SUCCESS,0,0.559065,36992,0.44,0.09,1642446,0,cn99,2026-05-25T12:25:44+00:00,2026-05-25T12:25:50+00:00,
new,0,5,SUCCESS,0,0.561679,37088,0.46,0.07,1642446,0,cn99,2026-05-25T12:25:44+00:00,2026-05-25T12:25:50+00:00,
new,0,6,SUCCESS,0,0.568575,36904,0.44,0.1,1642446,0,cn99,2026-05-25T12:25:44+00:00,2026-05-25T12:25:50+00:00,
new,0,7,SUCCESS,0,0.562038,37064,0.46,0.07,1642446,0,cn99,2026-05-25T12:25:44+00:00,2026-05-25T12:25:50+00:00,
new,0,8,SUCCESS,0,0.559904,37008,0.45,0.08,1642446,0,cn99,2026-05-25T12:25:44+00:00,2026-05-25T12:25:50+00:00,
new,0,9,SUCCESS,0,0.556726,37032,0.45,0.08,1642446,0,cn99,2026-05-25T12:25:44+00:00,2026-05-25T12:25:50+00:00,
new,0,10,SUCCESS,0,0.562426,36888,0.46,0.07,1642446,0,cn99,2026-05-25T12:25:44+00:00,2026-05-25T12:25:50+00:00,
new,1,1,SUCCESS,0,0.664285,43348,0.51,0.09,1642446,1,cn99,2026-05-25T12:25:51+00:00,2026-05-25T12:25:58+00:00,
new,1,2,SUCCESS,0,0.628851,44184,0.51,0.09,1642446,1,cn99,2026-05-25T12:25:51+00:00,2026-05-25T12:25:58+00:00,
new,1,3,SUCCESS,0,0.624072,44036,0.51,0.09,1642446,1,cn99,2026-05-25T12:25:51+00:00,2026-05-25T12:25:58+00:00,
new,1,4,SUCCESS,0,0.630244,43820,0.51,0.09,1642446,1,cn99,2026-05-25T12:25:51+00:00,2026-05-25T12:25:58+00:00,
new,1,5,SUCCESS,0,0.62632,44068,0.5,0.1,1642446,1,cn99,2026-05-25T12:25:51+00:00,2026-05-25T12:25:58+00:00,
new,1,6,SUCCESS,0,0.629224,43876,0.51,0.09,1642446,1,cn99,2026-05-25T12:25:51+00:00,2026-05-25T12:25:58+00:00,
new,1,7,SUCCESS,0,0.634725,43980,0.51,0.1,1642446,1,cn99,2026-05-25T12:25:51+00:00,2026-05-25T12:25:58+00:00,
new,1,8,SUCCESS,0,0.635987,43932,0.5,0.1,1642446,1,cn99,2026-05-25T12:25:51+00:00,2026-05-25T12:25:58+00:00,
new,1,9,SUCCESS,0,0.624966,43960,0.5,0.1,1642446,1,cn99,2026-05-25T12:25:51+00:00,2026-05-25T12:25:58+00:00,
new,1,10,SUCCESS,0,0.626743,43892,0.5,0.09,1642446,1,cn99,2026-05-25T12:25:51+00:00,2026-05-25T12:25:58+00:00,
new,10,1,SUCCESS,0,0.737711,49192,0.58,0.1,1642446,10,cn99,2026-05-25T12:27:01+00:00,2026-05-25T12:27:09+00:00,
new,10,2,SUCCESS,0,0.700406,49324,0.58,0.09,1642446,10,cn99,2026-05-25T12:27:01+00:00,2026-05-25T12:27:09+00:00,
new,10,3,SUCCESS,0,0.700967,48936,0.57,0.1,1642446,10,cn99,2026-05-25T12:27:01+00:00,2026-05-25T12:27:09+00:00,
new,10,4,SUCCESS,0,0.711933,49088,0.59,0.1,1642446,10,cn99,2026-05-25T12:27:01+00:00,2026-05-25T12:27:09+00:00,
new,10,5,SUCCESS,0,0.704227,49196,0.58,0.09,1642446,10,cn99,2026-05-25T12:27:01+00:00,2026-05-25T12:27:09+00:00,
new,10,6,SUCCESS,0,0.699294,49020,0.58,0.09,1642446,10,cn99,2026-05-25T12:27:01+00:00,2026-05-25T12:27:09+00:00,
new,10,7,SUCCESS,0,0.705772,49192,0.57,0.11,1642446,10,cn99,2026-05-25T12:27:01+00:00,2026-05-25T12:27:09+00:00,
new,10,8,SUCCESS,0,0.707321,49000,0.59,0.09,1642446,10,cn99,2026-05-25T12:27:01+00:00,2026-05-25T12:27:09+00:00,
new,10,9,SUCCESS,0,0.702067,49120,0.56,0.11,1642446,10,cn99,2026-05-25T12:27:01+00:00,2026-05-25T12:27:09+00:00,
new,10,10,SUCCESS,0,0.70798,49076,0.58,0.1,1642446,10,cn99,2026-05-25T12:27:01+00:00,2026-05-25T12:27:09+00:00,
new,11,1,SUCCESS,0,0.748757,49992,0.61,0.09,1642446,11,cn99,2026-05-25T12:27:09+00:00,2026-05-25T12:27:17+00:00,
new,11,2,SUCCESS,0,0.702827,49956,0.58,0.1,1642446,11,cn99,2026-05-25T12:27:09+00:00,2026-05-25T12:27:17+00:00,
new,11,3,SUCCESS,0,0.722458,50004,0.59,0.11,1642446,11,cn99,2026-05-25T12:27:09+00:00,2026-05-25T12:27:17+00:00,
new,11,4,SUCCESS,0,0.709733,50036,0.57,0.11,1642446,11,cn99,2026-05-25T12:27:09+00:00,2026-05-25T12:27:17+00:00,
new,11,5,SUCCESS,0,0.725751,49904,0.58,0.11,1642446,11,cn99,2026-05-25T12:27:09+00:00,2026-05-25T12:27:17+00:00,
new,11,6,SUCCESS,0,0.714021,49992,0.57,0.11,1642446,11,cn99,2026-05-25T12:27:09+00:00,2026-05-25T12:27:17+00:00,
new,11,7,SUCCESS,0,0.773316,49768,0.59,0.16,1642446,11,cn99,2026-05-25T12:27:09+00:00,2026-05-25T12:27:17+00:00,
new,11,8,SUCCESS,0,0.82303,49968,0.59,0.21,1642446,11,cn99,2026-05-25T12:27:09+00:00,2026-05-25T12:27:17+00:00,
new,11,9,SUCCESS,0,0.800025,50088,0.58,0.19,1642446,11,cn99,2026-05-25T12:27:09+00:00,2026-05-25T12:27:17+00:00,
new,11,10,SUCCESS,0,0.776533,50028,0.59,0.16,1642446,11,cn99,2026-05-25T12:27:09+00:00,2026-05-25T12:27:17+00:00,
new,12,1,SUCCESS,0,0.745146,50848,0.58,0.11,1642446,12,cn99,2026-05-25T12:27:18+00:00,2026-05-25T12:27:26+00:00,
new,12,2,SUCCESS,0,0.810503,50712,0.59,0.19,1642446,12,cn99,2026-05-25T12:27:18+00:00,2026-05-25T12:27:26+00:00,
new,12,3,SUCCESS,0,0.818406,50748,0.6,0.19,1642446,12,cn99,2026-05-25T12:27:18+00:00,2026-05-25T12:27:26+00:00,
new,12,4,SUCCESS,0,0.821087,50540,0.6,0.2,1642446,12,cn99,2026-05-25T12:27:18+00:00,2026-05-25T12:27:26+00:00,
new,12,5,SUCCESS,0,0.812411,50624,0.59,0.19,1642446,12,cn99,2026-05-25T12:27:18+00:00,2026-05-25T12:27:26+00:00,
new,12,6,SUCCESS,0,0.815879,50676,0.6,0.19,1642446,12,cn99,2026-05-25T12:27:18+00:00,2026-05-25T12:27:26+00:00,
new,12,7,SUCCESS,0,0.824139,50588,0.6,0.19,1642446,12,cn99,2026-05-25T12:27:18+00:00,2026-05-25T12:27:26+00:00,
new,12,8,SUCCESS,0,0.81226,50764,0.58,0.2,1642446,12,cn99,2026-05-25T12:27:18+00:00,2026-05-25T12:27:26+00:00,
new,12,9,SUCCESS,0,0.721466,50992,0.58,0.11,1642446,12,cn99,2026-05-25T12:27:18+00:00,2026-05-25T12:27:26+00:00,
new,12,10,SUCCESS,0,0.72338,50820,0.6,0.1,1642446,12,cn99,2026-05-25T12:27:18+00:00,2026-05-25T12:27:26+00:00,
new,13,1,SUCCESS,0,0.862867,51624,0.6,0.21,1642446,13,cn99,2026-05-25T12:27:27+00:00,2026-05-25T12:27:35+00:00,
new,13,2,SUCCESS,0,0.842397,51548,0.61,0.2,1642446,13,cn99,2026-05-25T12:27:27+00:00,2026-05-25T12:27:35+00:00,
new,13,3,SUCCESS,0,0.829444,51508,0.6,0.2,1642446,13,cn99,2026-05-25T12:27:27+00:00,2026-05-25T12:27:35+00:00,
new,13,4,SUCCESS,0,0.824805,51376,0.62,0.18,1642446,13,cn99,2026-05-25T12:27:27+00:00,2026-05-25T12:27:35+00:00,
new,13,5,SUCCESS,0,0.818924,51592,0.58,0.21,1642446,13,cn99,2026-05-25T12:27:27+00:00,2026-05-25T12:27:35+00:00,
new,13,6,SUCCESS,0,0.782925,51592,0.6,0.16,1642446,13,cn99,2026-05-25T12:27:27+00:00,2026-05-25T12:27:35+00:00,
new,13,7,SUCCESS,0,0.732744,51576,0.62,0.08,1642446,13,cn99,2026-05-25T12:27:27+00:00,2026-05-25T12:27:35+00:00,
new,13,8,SUCCESS,0,0.735639,51528,0.62,0.09,1642446,13,cn99,2026-05-25T12:27:27+00:00,2026-05-25T12:27:35+00:00,
new,13,9,SUCCESS,0,0.739339,51500,0.61,0.1,1642446,13,cn99,2026-05-25T12:27:27+00:00,2026-05-25T12:27:35+00:00,
new,13,10,SUCCESS,0,0.731426,51692,0.61,0.1,1642446,13,cn99,2026-05-25T12:27:27+00:00,2026-05-25T12:27:35+00:00,
new,14,1,SUCCESS,0,0.780561,52516,0.61,0.11,1642446,14,cn99,2026-05-25T12:27:36+00:00,2026-05-25T12:27:44+00:00,
new,14,2,SUCCESS,0,0.741142,52524,0.62,0.1,1642446,14,cn99,2026-05-25T12:27:36+00:00,2026-05-25T12:27:44+00:00,
new,14,3,SUCCESS,0,0.741834,52436,0.61,0.1,1642446,14,cn99,2026-05-25T12:27:36+00:00,2026-05-25T12:27:44+00:00,
new,14,4,SUCCESS,0,0.7483,52264,0.62,0.1,1642446,14,cn99,2026-05-25T12:27:36+00:00,2026-05-25T12:27:44+00:00,
new,14,5,SUCCESS,0,0.737045,52652,0.61,0.1,1642446,14,cn99,2026-05-25T12:27:36+00:00,2026-05-25T12:27:44+00:00,
new,14,6,SUCCESS,0,0.750153,52232,0.61,0.11,1642446,14,cn99,2026-05-25T12:27:36+00:00,2026-05-25T12:27:44+00:00,
new,14,7,SUCCESS,0,0.738004,52384,0.61,0.1,1642446,14,cn99,2026-05-25T12:27:36+00:00,2026-05-25T12:27:44+00:00,
new,14,8,SUCCESS,0,0.737491,52520,0.6,0.11,1642446,14,cn99,2026-05-25T12:27:36+00:00,2026-05-25T12:27:44+00:00,
new,14,9,SUCCESS,0,0.746434,52300,0.62,0.1,1642446,14,cn99,2026-05-25T12:27:36+00:00,2026-05-25T12:27:44+00:00,
new,14,10,SUCCESS,0,0.75322,52240,0.62,0.11,1642446,14,cn99,2026-05-25T12:27:36+00:00,2026-05-25T12:27:44+00:00,
new,15,1,SUCCESS,0,0.78257,53368,0.63,0.1,1642446,15,cn99,2026-05-25T12:27:45+00:00,2026-05-25T12:27:53+00:00,
new,15,2,SUCCESS,0,0.749863,53192,0.61,0.11,1642446,15,cn99,2026-05-25T12:27:45+00:00,2026-05-25T12:27:53+00:00,
new,15,3,SUCCESS,0,0.760531,53116,0.61,0.12,1642446,15,cn99,2026-05-25T12:27:45+00:00,2026-05-25T12:27:53+00:00,
new,15,4,SUCCESS,0,0.749074,53244,0.62,0.1,1642446,15,cn99,2026-05-25T12:27:45+00:00,2026-05-25T12:27:53+00:00,
new,15,5,SUCCESS,0,0.75685,53156,0.62,0.11,1642446,15,cn99,2026-05-25T12:27:45+00:00,2026-05-25T12:27:53+00:00,
new,15,6,SUCCESS,0,0.749095,53224,0.62,0.1,1642446,15,cn99,2026-05-25T12:27:45+00:00,2026-05-25T12:27:53+00:00,
new,15,7,SUCCESS,0,0.753944,53292,0.63,0.09,1642446,15,cn99,2026-05-25T12:27:45+00:00,2026-05-25T12:27:53+00:00,
new,15,8,SUCCESS,0,0.756147,53268,0.62,0.1,1642446,15,cn99,2026-05-25T12:27:45+00:00,2026-05-25T12:27:53+00:00,
new,15,9,SUCCESS,0,0.759588,53192,0.63,0.1,1642446,15,cn99,2026-05-25T12:27:45+00:00,2026-05-25T12:27:53+00:00,
new,15,10,SUCCESS,0,0.750545,53280,0.62,0.1,1642446,15,cn99,2026-05-25T12:27:45+00:00,2026-05-25T12:27:53+00:00,
new,16,1,SUCCESS,0,0.811252,54024,0.65,0.1,1642446,16,cn99,2026-05-25T12:27:53+00:00,2026-05-25T12:28:02+00:00,
new,16,2,SUCCESS,0,0.770274,54056,0.63,0.11,1642446,16,cn99,2026-05-25T12:27:53+00:00,2026-05-25T12:28:02+00:00,
new,16,3,SUCCESS,0,0.763102,54180,0.63,0.1,1642446,16,cn99,2026-05-25T12:27:53+00:00,2026-05-25T12:28:02+00:00,
new,16,4,SUCCESS,0,0.772311,54024,0.63,0.11,1642446,16,cn99,2026-05-25T12:27:53+00:00,2026-05-25T12:28:02+00:00,
new,16,5,SUCCESS,0,0.765239,54184,0.62,0.11,1642446,16,cn99,2026-05-25T12:27:53+00:00,2026-05-25T12:28:02+00:00,
new,16,6,SUCCESS,0,0.768277,54068,0.64,0.1,1642446,16,cn99,2026-05-25T12:27:53+00:00,2026-05-25T12:28:02+00:00,
new,16,7,SUCCESS,0,0.774111,54172,0.64,0.11,1642446,16,cn99,2026-05-25T12:27:53+00:00,2026-05-25T12:28:02+00:00,
new,16,8,SUCCESS,0,0.766634,54040,0.63,0.11,1642446,16,cn99,2026-05-25T12:27:53+00:00,2026-05-25T12:28:02+00:00,
new,16,9,SUCCESS,0,0.761944,53912,0.63,0.11,1642446,16,cn99,2026-05-25T12:27:53+00:00,2026-05-25T12:28:02+00:00,
new,16,10,SUCCESS,0,0.772922,54052,0.66,0.09,1642446,16,cn99,2026-05-25T12:27:53+00:00,2026-05-25T12:28:02+00:00,
new,17,1,SUCCESS,0,0.818375,54720,0.65,0.12,1642446,17,cn99,2026-05-25T12:28:02+00:00,2026-05-25T12:28:11+00:00,
new,17,2,SUCCESS,0,0.787653,54916,0.66,0.1,1642446,17,cn99,2026-05-25T12:28:02+00:00,2026-05-25T12:28:11+00:00,
new,17,3,SUCCESS,0,0.790081,54960,0.66,0.1,1642446,17,cn99,2026-05-25T12:28:02+00:00,2026-05-25T12:28:11+00:00,
new,17,4,SUCCESS,0,0.789803,54744,0.66,0.1,1642446,17,cn99,2026-05-25T12:28:02+00:00,2026-05-25T12:28:11+00:00,
new,17,5,SUCCESS,0,0.786194,54916,0.65,0.1,1642446,17,cn99,2026-05-25T12:28:02+00:00,2026-05-25T12:28:11+00:00,
new,17,6,SUCCESS,0,0.791244,54944,0.65,0.11,1642446,17,cn99,2026-05-25T12:28:02+00:00,2026-05-25T12:28:11+00:00,
new,17,7,SUCCESS,0,0.772977,55020,0.64,0.1,1642446,17,cn99,2026-05-25T12:28:02+00:00,2026-05-25T12:28:11+00:00,
new,17,8,SUCCESS,0,0.786514,54864,0.64,0.11,1642446,17,cn99,2026-05-25T12:28:02+00:00,2026-05-25T12:28:11+00:00,
new,17,9,SUCCESS,0,0.788981,55036,0.64,0.12,1642446,17,cn99,2026-05-25T12:28:02+00:00,2026-05-25T12:28:11+00:00,
new,17,10,SUCCESS,0,0.784698,54936,0.64,0.11,1642446,17,cn99,2026-05-25T12:28:02+00:00,2026-05-25T12:28:11+00:00,
new,18,1,SUCCESS,0,0.823216,55852,0.66,0.11,1642446,18,cn99,2026-05-25T12:28:11+00:00,2026-05-25T12:28:20+00:00,
new,18,2,SUCCESS,0,0.800238,55840,0.66,0.11,1642446,18,cn99,2026-05-25T12:28:11+00:00,2026-05-25T12:28:20+00:00,
new,18,3,SUCCESS,0,0.795784,55816,0.66,0.11,1642446,18,cn99,2026-05-25T12:28:11+00:00,2026-05-25T12:28:20+00:00,
new,18,4,SUCCESS,0,0.791134,55932,0.66,0.1,1642446,18,cn99,2026-05-25T12:28:11+00:00,2026-05-25T12:28:20+00:00,
new,18,5,SUCCESS,0,0.796115,55528,0.66,0.11,1642446,18,cn99,2026-05-25T12:28:11+00:00,2026-05-25T12:28:20+00:00,
new,18,6,SUCCESS,0,0.793931,55984,0.64,0.12,1642446,18,cn99,2026-05-25T12:28:11+00:00,2026-05-25T12:28:20+00:00,
new,18,7,SUCCESS,0,0.7885,55916,0.65,0.1,1642446,18,cn99,2026-05-25T12:28:11+00:00,2026-05-25T12:28:20+00:00,
new,18,8,SUCCESS,0,0.783506,55876,0.65,0.1,1642446,18,cn99,2026-05-25T12:28:11+00:00,2026-05-25T12:28:20+00:00,
new,18,9,SUCCESS,0,0.784421,55984,0.66,0.1,1642446,18,cn99,2026-05-25T12:28:11+00:00,2026-05-25T12:28:20+00:00,
new,18,10,SUCCESS,0,0.784552,55724,0.66,0.1,1642446,18,cn99,2026-05-25T12:28:11+00:00,2026-05-25T12:28:20+00:00,
new,19,1,SUCCESS,0,0.8432,56816,0.68,0.11,1642446,19,cn99,2026-05-25T12:28:20+00:00,2026-05-25T12:28:29+00:00,
new,19,2,SUCCESS,0,0.803319,56596,0.67,0.11,1642446,19,cn99,2026-05-25T12:28:20+00:00,2026-05-25T12:28:29+00:00,
new,19,3,SUCCESS,0,0.804951,56816,0.68,0.1,1642446,19,cn99,2026-05-25T12:28:20+00:00,2026-05-25T12:28:29+00:00,
new,19,4,SUCCESS,0,0.806031,56704,0.68,0.1,1642446,19,cn99,2026-05-25T12:28:20+00:00,2026-05-25T12:28:29+00:00,
new,19,5,SUCCESS,0,0.805681,56828,0.67,0.11,1642446,19,cn99,2026-05-25T12:28:20+00:00,2026-05-25T12:28:29+00:00,
new,19,6,SUCCESS,0,0.807874,56608,0.67,0.11,1642446,19,cn99,2026-05-25T12:28:20+00:00,2026-05-25T12:28:29+00:00,
new,19,7,SUCCESS,0,0.8011,56740,0.68,0.1,1642446,19,cn99,2026-05-25T12:28:20+00:00,2026-05-25T12:28:29+00:00,
new,19,8,SUCCESS,0,0.817643,56812,0.67,0.11,1642446,19,cn99,2026-05-25T12:28:20+00:00,2026-05-25T12:28:29+00:00,
new,19,9,SUCCESS,0,0.807257,56644,0.67,0.11,1642446,19,cn99,2026-05-25T12:28:20+00:00,2026-05-25T12:28:29+00:00,
new,19,10,SUCCESS,0,0.811659,56628,0.68,0.1,1642446,19,cn99,2026-05-25T12:28:20+00:00,2026-05-25T12:28:29+00:00,
new,2,1,SUCCESS,0,0.617101,42712,0.49,0.08,1642446,2,cn99,2026-05-25T12:25:58+00:00,2026-05-25T12:26:05+00:00,
new,2,2,SUCCESS,0,0.583302,42748,0.47,0.09,1642446,2,cn99,2026-05-25T12:25:58+00:00,2026-05-25T12:26:05+00:00,
new,2,3,SUCCESS,0,0.580354,43064,0.48,0.08,1642446,2,cn99,2026-05-25T12:25:58+00:00,2026-05-25T12:26:05+00:00,
new,2,4,SUCCESS,0,0.588746,42752,0.47,0.09,1642446,2,cn99,2026-05-25T12:25:58+00:00,2026-05-25T12:26:05+00:00,
new,2,5,SUCCESS,0,0.581064,42916,0.47,0.09,1642446,2,cn99,2026-05-25T12:25:58+00:00,2026-05-25T12:26:05+00:00,
new,2,6,SUCCESS,0,0.579149,42836,0.46,0.1,1642446,2,cn99,2026-05-25T12:25:58+00:00,2026-05-25T12:26:05+00:00,
new,2,7,SUCCESS,0,0.581446,42932,0.47,0.08,1642446,2,cn99,2026-05-25T12:25:58+00:00,2026-05-25T12:26:05+00:00,
new,2,8,SUCCESS,0,0.58581,42924,0.47,0.09,1642446,2,cn99,2026-05-25T12:25:58+00:00,2026-05-25T12:26:05+00:00,
new,2,9,SUCCESS,0,0.588368,42792,0.47,0.09,1642446,2,cn99,2026-05-25T12:25:58+00:00,2026-05-25T12:26:05+00:00,
new,2,10,SUCCESS,0,0.583398,42936,0.46,0.09,1642446,2,cn99,2026-05-25T12:25:58+00:00,2026-05-25T12:26:05+00:00,
new,3,1,SUCCESS,0,0.655557,43948,0.51,0.1,1642446,3,cn99,2026-05-25T12:26:05+00:00,2026-05-25T12:26:12+00:00,
new,3,2,SUCCESS,0,0.62223,43948,0.5,0.09,1642446,3,cn99,2026-05-25T12:26:05+00:00,2026-05-25T12:26:12+00:00,
new,3,3,SUCCESS,0,0.636744,43944,0.51,0.1,1642446,3,cn99,2026-05-25T12:26:05+00:00,2026-05-25T12:26:12+00:00,
new,3,4,SUCCESS,0,0.632829,43976,0.51,0.09,1642446,3,cn99,2026-05-25T12:26:05+00:00,2026-05-25T12:26:12+00:00,
new,3,5,SUCCESS,0,0.632412,43912,0.51,0.1,1642446,3,cn99,2026-05-25T12:26:05+00:00,2026-05-25T12:26:12+00:00,
new,3,6,SUCCESS,0,0.630587,43944,0.52,0.08,1642446,3,cn99,2026-05-25T12:26:05+00:00,2026-05-25T12:26:12+00:00,
new,3,7,SUCCESS,0,0.636591,44008,0.5,0.11,1642446,3,cn99,2026-05-25T12:26:05+00:00,2026-05-25T12:26:12+00:00,
new,3,8,SUCCESS,0,0.632736,43768,0.52,0.09,1642446,3,cn99,2026-05-25T12:26:05+00:00,2026-05-25T12:26:12+00:00,
new,3,9,SUCCESS,0,0.644196,43976,0.53,0.09,1642446,3,cn99,2026-05-25T12:26:05+00:00,2026-05-25T12:26:12+00:00,
new,3,10,SUCCESS,0,0.636421,43916,0.5,0.11,1642446,3,cn99,2026-05-25T12:26:05+00:00,2026-05-25T12:26:12+00:00,
new,4,1,SUCCESS,0,0.668917,44528,0.51,0.1,1642446,4,cn99,2026-05-25T12:26:13+00:00,2026-05-25T12:26:20+00:00,
new,4,2,SUCCESS,0,0.644123,44568,0.52,0.1,1642446,4,cn99,2026-05-25T12:26:13+00:00,2026-05-25T12:26:20+00:00,
new,4,3,SUCCESS,0,0.637049,44628,0.52,0.09,1642446,4,cn99,2026-05-25T12:26:13+00:00,2026-05-25T12:26:20+00:00,
new,4,4,SUCCESS,0,0.635974,44480,0.51,0.1,1642446,4,cn99,2026-05-25T12:26:13+00:00,2026-05-25T12:26:20+00:00,
new,4,5,SUCCESS,0,0.64705,44524,0.54,0.08,1642446,4,cn99,2026-05-25T12:26:13+00:00,2026-05-25T12:26:20+00:00,
new,4,6,SUCCESS,0,0.642298,44648,0.52,0.09,1642446,4,cn99,2026-05-25T12:26:13+00:00,2026-05-25T12:26:20+00:00,
new,4,7,SUCCESS,0,0.643284,44872,0.51,0.1,1642446,4,cn99,2026-05-25T12:26:13+00:00,2026-05-25T12:26:20+00:00,
new,4,8,SUCCESS,0,0.645671,44560,0.52,0.09,1642446,4,cn99,2026-05-25T12:26:13+00:00,2026-05-25T12:26:20+00:00,
new,4,9,SUCCESS,0,0.643626,44544,0.52,0.09,1642446,4,cn99,2026-05-25T12:26:13+00:00,2026-05-25T12:26:20+00:00,
new,4,10,SUCCESS,0,0.634633,44692,0.51,0.1,1642446,4,cn99,2026-05-25T12:26:13+00:00,2026-05-25T12:26:20+00:00,
new,5,1,SUCCESS,0,0.675595,45296,0.53,0.09,1642446,5,cn99,2026-05-25T12:26:20+00:00,2026-05-25T12:26:27+00:00,
new,5,2,SUCCESS,0,0.659818,45184,0.52,0.11,1642446,5,cn99,2026-05-25T12:26:20+00:00,2026-05-25T12:26:27+00:00,
new,5,3,SUCCESS,0,0.650589,45544,0.53,0.09,1642446,5,cn99,2026-05-25T12:26:20+00:00,2026-05-25T12:26:27+00:00,
new,5,4,SUCCESS,0,0.651953,45236,0.53,0.09,1642446,5,cn99,2026-05-25T12:26:20+00:00,2026-05-25T12:26:27+00:00,
new,5,5,SUCCESS,0,0.64099,45480,0.51,0.1,1642446,5,cn99,2026-05-25T12:26:20+00:00,2026-05-25T12:26:27+00:00,
new,5,6,SUCCESS,0,0.651832,45224,0.52,0.1,1642446,5,cn99,2026-05-25T12:26:20+00:00,2026-05-25T12:26:27+00:00,
new,5,7,SUCCESS,0,0.655842,45428,0.52,0.11,1642446,5,cn99,2026-05-25T12:26:20+00:00,2026-05-25T12:26:27+00:00,
new,5,8,SUCCESS,0,0.67002,45396,0.52,0.13,1642446,5,cn99,2026-05-25T12:26:20+00:00,2026-05-25T12:26:27+00:00,
new,5,9,SUCCESS,0,0.670727,45212,0.54,0.1,1642446,5,cn99,2026-05-25T12:26:20+00:00,2026-05-25T12:26:27+00:00,
new,5,10,SUCCESS,0,0.667617,45288,0.53,0.11,1642446,5,cn99,2026-05-25T12:26:20+00:00,2026-05-25T12:26:27+00:00,
new,6,1,SUCCESS,0,0.712729,46196,0.54,0.12,1642446,6,cn99,2026-05-25T12:26:28+00:00,2026-05-25T12:26:35+00:00,
new,6,2,SUCCESS,0,0.689165,45904,0.54,0.12,1642446,6,cn99,2026-05-25T12:26:28+00:00,2026-05-25T12:26:35+00:00,
new,6,3,SUCCESS,0,0.68941,46124,0.55,0.11,1642446,6,cn99,2026-05-25T12:26:28+00:00,2026-05-25T12:26:35+00:00,
new,6,4,SUCCESS,0,0.687842,46280,0.55,0.11,1642446,6,cn99,2026-05-25T12:26:28+00:00,2026-05-25T12:26:35+00:00,
new,6,5,SUCCESS,0,0.678352,46252,0.53,0.12,1642446,6,cn99,2026-05-25T12:26:28+00:00,2026-05-25T12:26:35+00:00,
new,6,6,SUCCESS,0,0.677374,46108,0.53,0.12,1642446,6,cn99,2026-05-25T12:26:28+00:00,2026-05-25T12:26:35+00:00,
new,6,7,SUCCESS,0,0.69205,46072,0.54,0.13,1642446,6,cn99,2026-05-25T12:26:28+00:00,2026-05-25T12:26:35+00:00,
new,6,8,SUCCESS,0,0.685298,46064,0.54,0.11,1642446,6,cn99,2026-05-25T12:26:28+00:00,2026-05-25T12:26:35+00:00,
new,6,9,SUCCESS,0,0.674886,46120,0.54,0.11,1642446,6,cn99,2026-05-25T12:26:28+00:00,2026-05-25T12:26:35+00:00,
new,6,10,SUCCESS,0,0.679035,46180,0.55,0.1,1642446,6,cn99,2026-05-25T12:26:28+00:00,2026-05-25T12:26:35+00:00,
new,7,1,SUCCESS,0,0.778211,46888,0.55,0.18,1642446,7,cn99,2026-05-25T12:26:36+00:00,2026-05-25T12:26:44+00:00,
new,7,2,SUCCESS,0,0.750304,46780,0.55,0.18,1642446,7,cn99,2026-05-25T12:26:36+00:00,2026-05-25T12:26:44+00:00,
new,7,3,SUCCESS,0,0.745897,46888,0.56,0.16,1642446,7,cn99,2026-05-25T12:26:36+00:00,2026-05-25T12:26:44+00:00,
new,7,4,SUCCESS,0,0.750751,46892,0.52,0.2,1642446,7,cn99,2026-05-25T12:26:36+00:00,2026-05-25T12:26:44+00:00,
new,7,5,SUCCESS,0,0.664024,46824,0.55,0.09,1642446,7,cn99,2026-05-25T12:26:36+00:00,2026-05-25T12:26:44+00:00,
new,7,6,SUCCESS,0,0.661912,46812,0.55,0.08,1642446,7,cn99,2026-05-25T12:26:36+00:00,2026-05-25T12:26:44+00:00,
new,7,7,SUCCESS,0,0.706066,46796,0.56,0.12,1642446,7,cn99,2026-05-25T12:26:36+00:00,2026-05-25T12:26:44+00:00,
new,7,8,SUCCESS,0,0.738672,47024,0.53,0.17,1642446,7,cn99,2026-05-25T12:26:36+00:00,2026-05-25T12:26:44+00:00,
new,7,9,SUCCESS,0,0.75467,46832,0.55,0.18,1642446,7,cn99,2026-05-25T12:26:36+00:00,2026-05-25T12:26:44+00:00,
new,7,10,SUCCESS,0,0.7407,46764,0.53,0.18,1642446,7,cn99,2026-05-25T12:26:36+00:00,2026-05-25T12:26:44+00:00,
new,8,1,SUCCESS,0,0.803865,47688,0.57,0.18,1642446,8,cn99,2026-05-25T12:26:45+00:00,2026-05-25T12:26:52+00:00,
new,8,2,SUCCESS,0,0.760422,47576,0.56,0.17,1642446,8,cn99,2026-05-25T12:26:45+00:00,2026-05-25T12:26:52+00:00,
new,8,3,SUCCESS,0,0.75914,47648,0.56,0.17,1642446,8,cn99,2026-05-25T12:26:45+00:00,2026-05-25T12:26:52+00:00,
new,8,4,SUCCESS,0,0.70837,47372,0.54,0.14,1642446,8,cn99,2026-05-25T12:26:45+00:00,2026-05-25T12:26:52+00:00,
new,8,5,SUCCESS,0,0.683574,47676,0.55,0.1,1642446,8,cn99,2026-05-25T12:26:45+00:00,2026-05-25T12:26:52+00:00,
new,8,6,SUCCESS,0,0.686141,47664,0.56,0.09,1642446,8,cn99,2026-05-25T12:26:45+00:00,2026-05-25T12:26:52+00:00,
new,8,7,SUCCESS,0,0.70962,47520,0.56,0.12,1642446,8,cn99,2026-05-25T12:26:45+00:00,2026-05-25T12:26:52+00:00,
new,8,8,SUCCESS,0,0.714747,47652,0.56,0.13,1642446,8,cn99,2026-05-25T12:26:45+00:00,2026-05-25T12:26:52+00:00,
new,8,9,SUCCESS,0,0.704601,47420,0.56,0.12,1642446,8,cn99,2026-05-25T12:26:45+00:00,2026-05-25T12:26:52+00:00,
new,8,10,SUCCESS,0,0.712006,47240,0.55,0.14,1642446,8,cn99,2026-05-25T12:26:45+00:00,2026-05-25T12:26:52+00:00,
new,9,1,SUCCESS,0,0.7469,48300,0.55,0.14,1642446,9,cn99,2026-05-25T12:26:53+00:00,2026-05-25T12:27:01+00:00,
new,9,2,SUCCESS,0,0.708299,48300,0.56,0.12,1642446,9,cn99,2026-05-25T12:26:53+00:00,2026-05-25T12:27:01+00:00,
new,9,3,SUCCESS,0,0.72038,48356,0.56,0.13,1642446,9,cn99,2026-05-25T12:26:53+00:00,2026-05-25T12:27:01+00:00,
new,9,4,SUCCESS,0,0.731365,48260,0.58,0.13,1642446,9,cn99,2026-05-25T12:26:53+00:00,2026-05-25T12:27:01+00:00,
new,9,5,SUCCESS,0,0.720324,48316,0.57,0.12,1642446,9,cn99,2026-05-25T12:26:53+00:00,2026-05-25T12:27:01+00:00,
new,9,6,SUCCESS,0,0.718246,48452,0.57,0.12,1642446,9,cn99,2026-05-25T12:26:53+00:00,2026-05-25T12:27:01+00:00,
new,9,7,SUCCESS,0,0.717706,48420,0.56,0.13,1642446,9,cn99,2026-05-25T12:26:53+00:00,2026-05-25T12:27:01+00:00,
new,9,8,SUCCESS,0,0.712777,48444,0.58,0.11,1642446,9,cn99,2026-05-25T12:26:53+00:00,2026-05-25T12:27:01+00:00,
new,9,9,SUCCESS,0,0.698331,48380,0.57,0.1,1642446,9,cn99,2026-05-25T12:26:53+00:00,2026-05-25T12:27:01+00:00,
new,9,10,SUCCESS,0,0.693413,48188,0.57,0.09,1642446,9,cn99,2026-05-25T12:26:53+00:00,2026-05-25T12:27:01+00:00,
orig,0,1,SUCCESS,0,0.605821,40168,0.47,0.08,1642447,0,cn99,2026-05-25T12:28:30+00:00,2026-05-25T12:28:36+00:00,
orig,0,2,SUCCESS,0,0.576865,40200,0.46,0.08,1642447,0,cn99,2026-05-25T12:28:30+00:00,2026-05-25T12:28:36+00:00,
orig,0,3,SUCCESS,0,0.57955,40160,0.46,0.09,1642447,0,cn99,2026-05-25T12:28:30+00:00,2026-05-25T12:28:36+00:00,
orig,0,4,SUCCESS,0,0.570542,40164,0.47,0.07,1642447,0,cn99,2026-05-25T12:28:30+00:00,2026-05-25T12:28:36+00:00,
orig,0,5,SUCCESS,0,0.571124,40196,0.46,0.08,1642447,0,cn99,2026-05-25T12:28:30+00:00,2026-05-25T12:28:36+00:00,
orig,0,6,SUCCESS,0,0.579149,40016,0.46,0.09,1642447,0,cn99,2026-05-25T12:28:30+00:00,2026-05-25T12:28:36+00:00,
orig,0,7,SUCCESS,0,0.565905,40200,0.46,0.08,1642447,0,cn99,2026-05-25T12:28:30+00:00,2026-05-25T12:28:36+00:00,
orig,0,8,SUCCESS,0,0.571327,39968,0.47,0.07,1642447,0,cn99,2026-05-25T12:28:30+00:00,2026-05-25T12:28:36+00:00,
orig,0,9,SUCCESS,0,0.580743,40200,0.46,0.09,1642447,0,cn99,2026-05-25T12:28:30+00:00,2026-05-25T12:28:36+00:00,
orig,0,10,SUCCESS,0,0.578206,39960,0.45,0.1,1642447,0,cn99,2026-05-25T12:28:30+00:00,2026-05-25T12:28:36+00:00,
orig,1,1,SUCCESS,0,0.701313,50984,0.54,0.11,1642447,1,cn99,2026-05-25T12:28:36+00:00,2026-05-25T12:28:44+00:00,
orig,1,2,SUCCESS,0,0.675907,50876,0.55,0.1,1642447,1,cn99,2026-05-25T12:28:36+00:00,2026-05-25T12:28:44+00:00,
orig,1,3,SUCCESS,0,0.672539,51024,0.54,0.11,1642447,1,cn99,2026-05-25T12:28:36+00:00,2026-05-25T12:28:44+00:00,
orig,1,4,SUCCESS,0,0.669447,50840,0.54,0.1,1642447,1,cn99,2026-05-25T12:28:36+00:00,2026-05-25T12:28:44+00:00,
orig,1,5,SUCCESS,0,0.664621,50776,0.54,0.1,1642447,1,cn99,2026-05-25T12:28:36+00:00,2026-05-25T12:28:44+00:00,
orig,1,6,SUCCESS,0,0.673865,50880,0.53,0.11,1642447,1,cn99,2026-05-25T12:28:36+00:00,2026-05-25T12:28:44+00:00,
orig,1,7,SUCCESS,0,0.667361,50880,0.54,0.1,1642447,1,cn99,2026-05-25T12:28:36+00:00,2026-05-25T12:28:44+00:00,
orig,1,8,SUCCESS,0,0.667688,50892,0.54,0.1,1642447,1,cn99,2026-05-25T12:28:36+00:00,2026-05-25T12:28:44+00:00,
orig,1,9,SUCCESS,0,0.66365,50952,0.55,0.09,1642447,1,cn99,2026-05-25T12:28:36+00:00,2026-05-25T12:28:44+00:00,
orig,1,10,SUCCESS,0,0.665938,50904,0.54,0.09,1642447,1,cn99,2026-05-25T12:28:36+00:00,2026-05-25T12:28:44+00:00,
orig,10,1,OOM,134,,,87.78,7.75,1642447,10,cn99,2026-05-25T12:42:17+00:00,2026-05-25T12:45:29+00:00,RSS 13964600kB >= 95% of vmem cap 14000000kB; compiler aborted (exit 134)
orig,10,2,OOM,134,,,87.84,7.67,1642447,10,cn99,2026-05-25T12:42:17+00:00,2026-05-25T12:45:29+00:00,RSS 13964692kB >= 95% of vmem cap 14000000kB; compiler aborted (exit 134)
orig,10,3,SKIPPED,,,,,,1642447,10,cn99,2026-05-25T12:42:17+00:00,2026-05-25T12:45:29+00:00,short-circuit after 2 consecutive failures
orig,10,4,SKIPPED,,,,,,1642447,10,cn99,2026-05-25T12:42:17+00:00,2026-05-25T12:45:29+00:00,short-circuit after 2 consecutive failures
orig,10,5,SKIPPED,,,,,,1642447,10,cn99,2026-05-25T12:42:17+00:00,2026-05-25T12:45:29+00:00,short-circuit after 2 consecutive failures
orig,10,6,SKIPPED,,,,,,1642447,10,cn99,2026-05-25T12:42:17+00:00,2026-05-25T12:45:29+00:00,short-circuit after 2 consecutive failures
orig,10,7,SKIPPED,,,,,,1642447,10,cn99,2026-05-25T12:42:17+00:00,2026-05-25T12:45:29+00:00,short-circuit after 2 consecutive failures
orig,10,8,SKIPPED,,,,,,1642447,10,cn99,2026-05-25T12:42:17+00:00,2026-05-25T12:45:29+00:00,short-circuit after 2 consecutive failures
orig,10,9,SKIPPED,,,,,,1642447,10,cn99,2026-05-25T12:42:17+00:00,2026-05-25T12:45:29+00:00,short-circuit after 2 consecutive failures
orig,10,10,SKIPPED,,,,,,1642447,10,cn99,2026-05-25T12:42:17+00:00,2026-05-25T12:45:29+00:00,short-circuit after 2 consecutive failures
orig,11,1,OOM,134,,,95.99,7.86,1642447,11,cn99,2026-05-25T12:42:17+00:00,2026-05-25T12:45:46+00:00,RSS 13964696kB >= 95% of vmem cap 14000000kB; compiler aborted (exit 134)
orig,11,2,OOM,134,,,95.96,7.87,1642447,11,cn99,2026-05-25T12:42:17+00:00,2026-05-25T12:45:46+00:00,RSS 13964700kB >= 95% of vmem cap 14000000kB; compiler aborted (exit 134)
orig,11,3,SKIPPED,,,,,,1642447,11,cn99,2026-05-25T12:42:17+00:00,2026-05-25T12:45:46+00:00,short-circuit after 2 consecutive failures
orig,11,4,SKIPPED,,,,,,1642447,11,cn99,2026-05-25T12:42:17+00:00,2026-05-25T12:45:46+00:00,short-circuit after 2 consecutive failures
orig,11,5,SKIPPED,,,,,,1642447,11,cn99,2026-05-25T12:42:17+00:00,2026-05-25T12:45:46+00:00,short-circuit after 2 consecutive failures
orig,11,6,SKIPPED,,,,,,1642447,11,cn99,2026-05-25T12:42:17+00:00,2026-05-25T12:45:46+00:00,short-circuit after 2 consecutive failures
orig,11,7,SKIPPED,,,,,,1642447,11,cn99,2026-05-25T12:42:17+00:00,2026-05-25T12:45:46+00:00,short-circuit after 2 consecutive failures
orig,11,8,SKIPPED,,,,,,1642447,11,cn99,2026-05-25T12:42:17+00:00,2026-05-25T12:45:46+00:00,short-circuit after 2 consecutive failures
orig,11,9,SKIPPED,,,,,,1642447,11,cn99,2026-05-25T12:42:17+00:00,2026-05-25T12:45:46+00:00,short-circuit after 2 consecutive failures
orig,11,10,SKIPPED,,,,,,1642447,11,cn99,2026-05-25T12:42:17+00:00,2026-05-25T12:45:46+00:00,short-circuit after 2 consecutive failures
orig,12,1,OOM,139,,,23.76,7.25,1642447,12,cn99,2026-05-25T12:45:30+00:00,2026-05-25T12:46:33+00:00,RSS 13964704kB >= 95% of vmem cap 14000000kB; compiler aborted (exit 139)
orig,12,2,OOM,139,,,23.6,7.52,1642447,12,cn99,2026-05-25T12:45:30+00:00,2026-05-25T12:46:33+00:00,RSS 13964528kB >= 95% of vmem cap 14000000kB; compiler aborted (exit 139)
orig,12,3,SKIPPED,,,,,,1642447,12,cn99,2026-05-25T12:45:30+00:00,2026-05-25T12:46:33+00:00,short-circuit after 2 consecutive failures
orig,12,4,SKIPPED,,,,,,1642447,12,cn99,2026-05-25T12:45:30+00:00,2026-05-25T12:46:33+00:00,short-circuit after 2 consecutive failures
orig,12,5,SKIPPED,,,,,,1642447,12,cn99,2026-05-25T12:45:30+00:00,2026-05-25T12:46:33+00:00,short-circuit after 2 consecutive failures
orig,12,6,SKIPPED,,,,,,1642447,12,cn99,2026-05-25T12:45:30+00:00,2026-05-25T12:46:33+00:00,short-circuit after 2 consecutive failures
orig,12,7,SKIPPED,,,,,,1642447,12,cn99,2026-05-25T12:45:30+00:00,2026-05-25T12:46:33+00:00,short-circuit after 2 consecutive failures
orig,12,8,SKIPPED,,,,,,1642447,12,cn99,2026-05-25T12:45:30+00:00,2026-05-25T12:46:33+00:00,short-circuit after 2 consecutive failures
orig,12,9,SKIPPED,,,,,,1642447,12,cn99,2026-05-25T12:45:30+00:00,2026-05-25T12:46:33+00:00,short-circuit after 2 consecutive failures
orig,12,10,SKIPPED,,,,,,1642447,12,cn99,2026-05-25T12:45:30+00:00,2026-05-25T12:46:33+00:00,short-circuit after 2 consecutive failures
orig,13,1,OOM,139,,,11.95,7.22,1642447,13,cn99,2026-05-25T12:45:46+00:00,2026-05-25T12:46:25+00:00,RSS 13964648kB >= 95% of vmem cap 14000000kB; compiler aborted (exit 139)
orig,13,2,OOM,139,,,11.91,7.28,1642447,13,cn99,2026-05-25T12:45:46+00:00,2026-05-25T12:46:25+00:00,RSS 13964512kB >= 95% of vmem cap 14000000kB; compiler aborted (exit 139)
orig,13,3,SKIPPED,,,,,,1642447,13,cn99,2026-05-25T12:45:46+00:00,2026-05-25T12:46:25+00:00,short-circuit after 2 consecutive failures
orig,13,4,SKIPPED,,,,,,1642447,13,cn99,2026-05-25T12:45:46+00:00,2026-05-25T12:46:25+00:00,short-circuit after 2 consecutive failures
orig,13,5,SKIPPED,,,,,,1642447,13,cn99,2026-05-25T12:45:46+00:00,2026-05-25T12:46:25+00:00,short-circuit after 2 consecutive failures
orig,13,6,SKIPPED,,,,,,1642447,13,cn99,2026-05-25T12:45:46+00:00,2026-05-25T12:46:25+00:00,short-circuit after 2 consecutive failures
orig,13,7,SKIPPED,,,,,,1642447,13,cn99,2026-05-25T12:45:46+00:00,2026-05-25T12:46:25+00:00,short-circuit after 2 consecutive failures
orig,13,8,SKIPPED,,,,,,1642447,13,cn99,2026-05-25T12:45:46+00:00,2026-05-25T12:46:25+00:00,short-circuit after 2 consecutive failures
orig,13,9,SKIPPED,,,,,,1642447,13,cn99,2026-05-25T12:45:46+00:00,2026-05-25T12:46:25+00:00,short-circuit after 2 consecutive failures
orig,13,10,SKIPPED,,,,,,1642447,13,cn99,2026-05-25T12:45:46+00:00,2026-05-25T12:46:25+00:00,short-circuit after 2 consecutive failures
orig,14,1,OOM,139,,,11.82,7.12,1642447,14,cn99,2026-05-25T12:46:26+00:00,2026-05-25T12:47:05+00:00,RSS 13964784kB >= 95% of vmem cap 14000000kB; compiler aborted (exit 139)
orig,14,2,OOM,139,,,12.01,7.0,1642447,14,cn99,2026-05-25T12:46:26+00:00,2026-05-25T12:47:05+00:00,RSS 13964780kB >= 95% of vmem cap 14000000kB; compiler aborted (exit 139)
orig,14,3,SKIPPED,,,,,,1642447,14,cn99,2026-05-25T12:46:26+00:00,2026-05-25T12:47:05+00:00,short-circuit after 2 consecutive failures
orig,14,4,SKIPPED,,,,,,1642447,14,cn99,2026-05-25T12:46:26+00:00,2026-05-25T12:47:05+00:00,short-circuit after 2 consecutive failures
orig,14,5,SKIPPED,,,,,,1642447,14,cn99,2026-05-25T12:46:26+00:00,2026-05-25T12:47:05+00:00,short-circuit after 2 consecutive failures
orig,14,6,SKIPPED,,,,,,1642447,14,cn99,2026-05-25T12:46:26+00:00,2026-05-25T12:47:05+00:00,short-circuit after 2 consecutive failures
orig,14,7,SKIPPED,,,,,,1642447,14,cn99,2026-05-25T12:46:26+00:00,2026-05-25T12:47:05+00:00,short-circuit after 2 consecutive failures
orig,14,8,SKIPPED,,,,,,1642447,14,cn99,2026-05-25T12:46:26+00:00,2026-05-25T12:47:05+00:00,short-circuit after 2 consecutive failures
orig,14,9,SKIPPED,,,,,,1642447,14,cn99,2026-05-25T12:46:26+00:00,2026-05-25T12:47:05+00:00,short-circuit after 2 consecutive failures
orig,14,10,SKIPPED,,,,,,1642447,14,cn99,2026-05-25T12:46:26+00:00,2026-05-25T12:47:05+00:00,short-circuit after 2 consecutive failures
orig,15,1,OOM,139,,,12.05,7.14,1642447,15,cn99,2026-05-25T12:46:34+00:00,2026-05-25T12:47:13+00:00,RSS 13964832kB >= 95% of vmem cap 14000000kB; compiler aborted (exit 139)
orig,15,2,OOM,139,,,12.19,7.2,1642447,15,cn99,2026-05-25T12:46:34+00:00,2026-05-25T12:47:13+00:00,RSS 13964696kB >= 95% of vmem cap 14000000kB; compiler aborted (exit 139)
orig,15,3,SKIPPED,,,,,,1642447,15,cn99,2026-05-25T12:46:34+00:00,2026-05-25T12:47:13+00:00,short-circuit after 2 consecutive failures
orig,15,4,SKIPPED,,,,,,1642447,15,cn99,2026-05-25T12:46:34+00:00,2026-05-25T12:47:13+00:00,short-circuit after 2 consecutive failures
orig,15,5,SKIPPED,,,,,,1642447,15,cn99,2026-05-25T12:46:34+00:00,2026-05-25T12:47:13+00:00,short-circuit after 2 consecutive failures
orig,15,6,SKIPPED,,,,,,1642447,15,cn99,2026-05-25T12:46:34+00:00,2026-05-25T12:47:13+00:00,short-circuit after 2 consecutive failures
orig,15,7,SKIPPED,,,,,,1642447,15,cn99,2026-05-25T12:46:34+00:00,2026-05-25T12:47:13+00:00,short-circuit after 2 consecutive failures
orig,15,8,SKIPPED,,,,,,1642447,15,cn99,2026-05-25T12:46:34+00:00,2026-05-25T12:47:13+00:00,short-circuit after 2 consecutive failures
orig,15,9,SKIPPED,,,,,,1642447,15,cn99,2026-05-25T12:46:34+00:00,2026-05-25T12:47:13+00:00,short-circuit after 2 consecutive failures
orig,15,10,SKIPPED,,,,,,1642447,15,cn99,2026-05-25T12:46:34+00:00,2026-05-25T12:47:13+00:00,short-circuit after 2 consecutive failures
orig,16,1,OOM,139,,,12.31,7.25,1642447,16,cn99,2026-05-25T12:47:06+00:00,2026-05-25T12:47:45+00:00,RSS 13964532kB >= 95% of vmem cap 14000000kB; compiler aborted (exit 139)
orig,16,2,OOM,139,,,12.41,7.14,1642447,16,cn99,2026-05-25T12:47:06+00:00,2026-05-25T12:47:45+00:00,RSS 13964564kB >= 95% of vmem cap 14000000kB; compiler aborted (exit 139)
orig,16,3,SKIPPED,,,,,,1642447,16,cn99,2026-05-25T12:47:06+00:00,2026-05-25T12:47:45+00:00,short-circuit after 2 consecutive failures
orig,16,4,SKIPPED,,,,,,1642447,16,cn99,2026-05-25T12:47:06+00:00,2026-05-25T12:47:45+00:00,short-circuit after 2 consecutive failures
orig,16,5,SKIPPED,,,,,,1642447,16,cn99,2026-05-25T12:47:06+00:00,2026-05-25T12:47:45+00:00,short-circuit after 2 consecutive failures
orig,16,6,SKIPPED,,,,,,1642447,16,cn99,2026-05-25T12:47:06+00:00,2026-05-25T12:47:45+00:00,short-circuit after 2 consecutive failures
orig,16,7,SKIPPED,,,,,,1642447,16,cn99,2026-05-25T12:47:06+00:00,2026-05-25T12:47:45+00:00,short-circuit after 2 consecutive failures
orig,16,8,SKIPPED,,,,,,1642447,16,cn99,2026-05-25T12:47:06+00:00,2026-05-25T12:47:45+00:00,short-circuit after 2 consecutive failures
orig,16,9,SKIPPED,,,,,,1642447,16,cn99,2026-05-25T12:47:06+00:00,2026-05-25T12:47:45+00:00,short-circuit after 2 consecutive failures
orig,16,10,SKIPPED,,,,,,1642447,16,cn99,2026-05-25T12:47:06+00:00,2026-05-25T12:47:45+00:00,short-circuit after 2 consecutive failures
orig,17,1,OOM,139,,,12.89,7.25,1642447,17,cn99,2026-05-25T12:47:13+00:00,2026-05-25T12:47:54+00:00,RSS 13964832kB >= 95% of vmem cap 14000000kB; compiler aborted (exit 139)
orig,17,2,OOM,139,,,12.85,7.44,1642447,17,cn99,2026-05-25T12:47:13+00:00,2026-05-25T12:47:54+00:00,RSS 13964536kB >= 95% of vmem cap 14000000kB; compiler aborted (exit 139)
orig,17,3,SKIPPED,,,,,,1642447,17,cn99,2026-05-25T12:47:13+00:00,2026-05-25T12:47:54+00:00,short-circuit after 2 consecutive failures
orig,17,4,SKIPPED,,,,,,1642447,17,cn99,2026-05-25T12:47:13+00:00,2026-05-25T12:47:54+00:00,short-circuit after 2 consecutive failures
orig,17,5,SKIPPED,,,,,,1642447,17,cn99,2026-05-25T12:47:13+00:00,2026-05-25T12:47:54+00:00,short-circuit after 2 consecutive failures
orig,17,6,SKIPPED,,,,,,1642447,17,cn99,2026-05-25T12:47:13+00:00,2026-05-25T12:47:54+00:00,short-circuit after 2 consecutive failures
orig,17,7,SKIPPED,,,,,,1642447,17,cn99,2026-05-25T12:47:13+00:00,2026-05-25T12:47:54+00:00,short-circuit after 2 consecutive failures
orig,17,8,SKIPPED,,,,,,1642447,17,cn99,2026-05-25T12:47:13+00:00,2026-05-25T12:47:54+00:00,short-circuit after 2 consecutive failures
orig,17,9,SKIPPED,,,,,,1642447,17,cn99,2026-05-25T12:47:13+00:00,2026-05-25T12:47:54+00:00,short-circuit after 2 consecutive failures
orig,17,10,SKIPPED,,,,,,1642447,17,cn99,2026-05-25T12:47:13+00:00,2026-05-25T12:47:54+00:00,short-circuit after 2 consecutive failures
orig,18,1,OOM,139,,,13.69,7.32,1642447,18,cn99,2026-05-25T12:47:46+00:00,2026-05-25T12:48:29+00:00,RSS 13964820kB >= 95% of vmem cap 14000000kB; compiler aborted (exit 139)
orig,18,2,OOM,139,,,13.71,7.47,1642447,18,cn99,2026-05-25T12:47:46+00:00,2026-05-25T12:48:29+00:00,RSS 13964812kB >= 95% of vmem cap 14000000kB; compiler aborted (exit 139)
orig,18,3,SKIPPED,,,,,,1642447,18,cn99,2026-05-25T12:47:46+00:00,2026-05-25T12:48:29+00:00,short-circuit after 2 consecutive failures
orig,18,4,SKIPPED,,,,,,1642447,18,cn99,2026-05-25T12:47:46+00:00,2026-05-25T12:48:29+00:00,short-circuit after 2 consecutive failures
orig,18,5,SKIPPED,,,,,,1642447,18,cn99,2026-05-25T12:47:46+00:00,2026-05-25T12:48:29+00:00,short-circuit after 2 consecutive failures
orig,18,6,SKIPPED,,,,,,1642447,18,cn99,2026-05-25T12:47:46+00:00,2026-05-25T12:48:29+00:00,short-circuit after 2 consecutive failures
orig,18,7,SKIPPED,,,,,,1642447,18,cn99,2026-05-25T12:47:46+00:00,2026-05-25T12:48:29+00:00,short-circuit after 2 consecutive failures
orig,18,8,SKIPPED,,,,,,1642447,18,cn99,2026-05-25T12:47:46+00:00,2026-05-25T12:48:29+00:00,short-circuit after 2 consecutive failures
orig,18,9,SKIPPED,,,,,,1642447,18,cn99,2026-05-25T12:47:46+00:00,2026-05-25T12:48:29+00:00,short-circuit after 2 consecutive failures
orig,18,10,SKIPPED,,,,,,1642447,18,cn99,2026-05-25T12:47:46+00:00,2026-05-25T12:48:29+00:00,short-circuit after 2 consecutive failures
orig,19,1,OOM,139,,,15.26,7.2,1642447,19,cn99,2026-05-25T12:47:55+00:00,2026-05-25T12:48:40+00:00,RSS 13964576kB >= 95% of vmem cap 14000000kB; compiler aborted (exit 139)
orig,19,2,OOM,139,,,15.25,7.22,1642447,19,cn99,2026-05-25T12:47:55+00:00,2026-05-25T12:48:40+00:00,RSS 13964700kB >= 95% of vmem cap 14000000kB; compiler aborted (exit 139)
orig,19,3,SKIPPED,,,,,,1642447,19,cn99,2026-05-25T12:47:55+00:00,2026-05-25T12:48:40+00:00,short-circuit after 2 consecutive failures
orig,19,4,SKIPPED,,,,,,1642447,19,cn99,2026-05-25T12:47:55+00:00,2026-05-25T12:48:40+00:00,short-circuit after 2 consecutive failures
orig,19,5,SKIPPED,,,,,,1642447,19,cn99,2026-05-25T12:47:55+00:00,2026-05-25T12:48:40+00:00,short-circuit after 2 consecutive failures
orig,19,6,SKIPPED,,,,,,1642447,19,cn99,2026-05-25T12:47:55+00:00,2026-05-25T12:48:40+00:00,short-circuit after 2 consecutive failures
orig,19,7,SKIPPED,,,,,,1642447,19,cn99,2026-05-25T12:47:55+00:00,2026-05-25T12:48:40+00:00,short-circuit after 2 consecutive failures
orig,19,8,SKIPPED,,,,,,1642447,19,cn99,2026-05-25T12:47:55+00:00,2026-05-25T12:48:40+00:00,short-circuit after 2 consecutive failures
orig,19,9,SKIPPED,,,,,,1642447,19,cn99,2026-05-25T12:47:55+00:00,2026-05-25T12:48:40+00:00,short-circuit after 2 consecutive failures
orig,19,10,SKIPPED,,,,,,1642447,19,cn99,2026-05-25T12:47:55+00:00,2026-05-25T12:48:40+00:00,short-circuit after 2 consecutive failures
orig,2,1,SUCCESS,0,0.643675,47732,0.5,0.09,1642447,2,cn99,2026-05-25T12:28:44+00:00,2026-05-25T12:28:51+00:00,
orig,2,2,SUCCESS,0,0.615622,47908,0.49,0.09,1642447,2,cn99,2026-05-25T12:28:44+00:00,2026-05-25T12:28:51+00:00,
orig,2,3,SUCCESS,0,0.615597,47868,0.5,0.09,1642447,2,cn99,2026-05-25T12:28:44+00:00,2026-05-25T12:28:51+00:00,
orig,2,4,SUCCESS,0,0.614639,48092,0.49,0.1,1642447,2,cn99,2026-05-25T12:28:44+00:00,2026-05-25T12:28:51+00:00,
orig,2,5,SUCCESS,0,0.613883,47676,0.49,0.1,1642447,2,cn99,2026-05-25T12:28:44+00:00,2026-05-25T12:28:51+00:00,
orig,2,6,SUCCESS,0,0.61215,47776,0.49,0.09,1642447,2,cn99,2026-05-25T12:28:44+00:00,2026-05-25T12:28:51+00:00,
orig,2,7,SUCCESS,0,0.616494,47516,0.5,0.09,1642447,2,cn99,2026-05-25T12:28:44+00:00,2026-05-25T12:28:51+00:00,
orig,2,8,SUCCESS,0,0.607872,47932,0.48,0.1,1642447,2,cn99,2026-05-25T12:28:44+00:00,2026-05-25T12:28:51+00:00,
orig,2,9,SUCCESS,0,0.703744,47672,0.49,0.18,1642447,2,cn99,2026-05-25T12:28:44+00:00,2026-05-25T12:28:51+00:00,
orig,2,10,SUCCESS,0,0.692833,47880,0.49,0.17,1642447,2,cn99,2026-05-25T12:28:44+00:00,2026-05-25T12:28:51+00:00,
orig,3,1,SUCCESS,0,0.791039,50952,0.54,0.19,1642447,3,cn99,2026-05-25T12:28:52+00:00,2026-05-25T12:28:59+00:00,
orig,3,2,SUCCESS,0,0.751665,50936,0.54,0.18,1642447,3,cn99,2026-05-25T12:28:52+00:00,2026-05-25T12:28:59+00:00,
orig,3,3,SUCCESS,0,0.750086,50724,0.55,0.17,1642447,3,cn99,2026-05-25T12:28:52+00:00,2026-05-25T12:28:59+00:00,
orig,3,4,SUCCESS,0,0.751092,50692,0.54,0.18,1642447,3,cn99,2026-05-25T12:28:52+00:00,2026-05-25T12:28:59+00:00,
orig,3,5,SUCCESS,0,0.675093,50748,0.55,0.1,1642447,3,cn99,2026-05-25T12:28:52+00:00,2026-05-25T12:28:59+00:00,
orig,3,6,SUCCESS,0,0.660052,50952,0.52,0.11,1642447,3,cn99,2026-05-25T12:28:52+00:00,2026-05-25T12:28:59+00:00,
orig,3,7,SUCCESS,0,0.666013,50840,0.55,0.08,1642447,3,cn99,2026-05-25T12:28:52+00:00,2026-05-25T12:28:59+00:00,
orig,3,8,SUCCESS,0,0.669857,50664,0.54,0.1,1642447,3,cn99,2026-05-25T12:28:52+00:00,2026-05-25T12:28:59+00:00,
orig,3,9,SUCCESS,0,0.662926,50860,0.53,0.1,1642447,3,cn99,2026-05-25T12:28:52+00:00,2026-05-25T12:28:59+00:00,
orig,3,10,SUCCESS,0,0.666623,50640,0.53,0.1,1642447,3,cn99,2026-05-25T12:28:52+00:00,2026-05-25T12:28:59+00:00,
orig,4,1,SUCCESS,0,0.772559,58352,0.61,0.1,1642447,4,cn99,2026-05-25T12:29:00+00:00,2026-05-25T12:29:08+00:00,
orig,4,2,SUCCESS,0,0.732048,58552,0.61,0.1,1642447,4,cn99,2026-05-25T12:29:00+00:00,2026-05-25T12:29:08+00:00,
orig,4,3,SUCCESS,0,0.737425,58380,0.59,0.11,1642447,4,cn99,2026-05-25T12:29:00+00:00,2026-05-25T12:29:08+00:00,
orig,4,4,SUCCESS,0,0.732215,58552,0.61,0.09,1642447,4,cn99,2026-05-25T12:29:00+00:00,2026-05-25T12:29:08+00:00,
orig,4,5,SUCCESS,0,0.730479,58204,0.59,0.11,1642447,4,cn99,2026-05-25T12:29:00+00:00,2026-05-25T12:29:08+00:00,
orig,4,6,SUCCESS,0,0.735477,58148,0.61,0.1,1642447,4,cn99,2026-05-25T12:29:00+00:00,2026-05-25T12:29:08+00:00,
orig,4,7,SUCCESS,0,0.742384,58352,0.61,0.1,1642447,4,cn99,2026-05-25T12:29:00+00:00,2026-05-25T12:29:08+00:00,
orig,4,8,SUCCESS,0,0.733275,58312,0.6,0.1,1642447,4,cn99,2026-05-25T12:29:00+00:00,2026-05-25T12:29:08+00:00,
orig,4,9,SUCCESS,0,0.73325,58212,0.6,0.1,1642447,4,cn99,2026-05-25T12:29:00+00:00,2026-05-25T12:29:08+00:00,
orig,4,10,SUCCESS,0,0.732794,58380,0.6,0.11,1642447,4,cn99,2026-05-25T12:29:00+00:00,2026-05-25T12:29:08+00:00,
orig,5,1,SUCCESS,0,1.08542,82560,0.92,0.11,1642447,5,cn99,2026-05-25T12:29:08+00:00,2026-05-25T12:29:19+00:00,
orig,5,2,SUCCESS,0,1.062854,82856,0.92,0.11,1642447,5,cn99,2026-05-25T12:29:08+00:00,2026-05-25T12:29:19+00:00,
orig,5,3,SUCCESS,0,1.048642,82852,0.9,0.12,1642447,5,cn99,2026-05-25T12:29:08+00:00,2026-05-25T12:29:19+00:00,
orig,5,4,SUCCESS,0,1.048385,82812,0.9,0.12,1642447,5,cn99,2026-05-25T12:29:08+00:00,2026-05-25T12:29:19+00:00,
orig,5,5,SUCCESS,0,1.053606,82924,0.9,0.13,1642447,5,cn99,2026-05-25T12:29:08+00:00,2026-05-25T12:29:19+00:00,
orig,5,6,SUCCESS,0,1.05421,82704,0.92,0.11,1642447,5,cn99,2026-05-25T12:29:08+00:00,2026-05-25T12:29:19+00:00,
orig,5,7,SUCCESS,0,1.047599,82796,0.9,0.12,1642447,5,cn99,2026-05-25T12:29:08+00:00,2026-05-25T12:29:19+00:00,
orig,5,8,SUCCESS,0,1.067921,82644,0.92,0.12,1642447,5,cn99,2026-05-25T12:29:08+00:00,2026-05-25T12:29:19+00:00,
orig,5,9,SUCCESS,0,1.050369,82988,0.9,0.12,1642447,5,cn99,2026-05-25T12:29:08+00:00,2026-05-25T12:29:19+00:00,
orig,5,10,SUCCESS,0,1.053799,82800,0.9,0.12,1642447,5,cn99,2026-05-25T12:29:08+00:00,2026-05-25T12:29:19+00:00,
orig,6,1,SUCCESS,0,2.924292,167496,2.65,0.21,1642447,6,cn99,2026-05-25T12:29:20+00:00,2026-05-25T12:29:50+00:00,
orig,6,2,SUCCESS,0,2.884531,167428,2.64,0.21,1642447,6,cn99,2026-05-25T12:29:20+00:00,2026-05-25T12:29:50+00:00,
orig,6,3,SUCCESS,0,2.907031,167420,2.68,0.19,1642447,6,cn99,2026-05-25T12:29:20+00:00,2026-05-25T12:29:50+00:00,
orig,6,4,SUCCESS,0,2.888822,167436,2.67,0.19,1642447,6,cn99,2026-05-25T12:29:20+00:00,2026-05-25T12:29:50+00:00,
orig,6,5,SUCCESS,0,2.901281,167368,2.68,0.18,1642447,6,cn99,2026-05-25T12:29:20+00:00,2026-05-25T12:29:50+00:00,
orig,6,6,SUCCESS,0,2.906705,167412,2.68,0.19,1642447,6,cn99,2026-05-25T12:29:20+00:00,2026-05-25T12:29:50+00:00,
orig,6,7,SUCCESS,0,2.923374,167232,2.68,0.21,1642447,6,cn99,2026-05-25T12:29:20+00:00,2026-05-25T12:29:50+00:00,
orig,6,8,SUCCESS,0,2.906671,167560,2.66,0.21,1642447,6,cn99,2026-05-25T12:29:20+00:00,2026-05-25T12:29:50+00:00,
orig,6,9,SUCCESS,0,2.889924,167236,2.65,0.2,1642447,6,cn99,2026-05-25T12:29:20+00:00,2026-05-25T12:29:50+00:00,
orig,6,10,SUCCESS,0,2.900213,167564,2.65,0.21,1642447,6,cn99,2026-05-25T12:29:20+00:00,2026-05-25T12:29:50+00:00,
orig,7,1,SUCCESS,0,16.064134,515292,15.35,0.62,1642447,7,cn99,2026-05-25T12:29:51+00:00,2026-05-25T12:32:32+00:00,
orig,7,2,SUCCESS,0,16.379714,515248,15.36,0.95,1642447,7,cn99,2026-05-25T12:29:51+00:00,2026-05-25T12:32:32+00:00,
orig,7,3,SUCCESS,0,16.037538,514972,15.38,0.59,1642447,7,cn99,2026-05-25T12:29:51+00:00,2026-05-25T12:32:32+00:00,
orig,7,4,SUCCESS,0,16.342565,515244,15.42,0.85,1642447,7,cn99,2026-05-25T12:29:51+00:00,2026-05-25T12:32:32+00:00,
orig,7,5,SUCCESS,0,16.351008,515196,15.41,0.86,1642447,7,cn99,2026-05-25T12:29:51+00:00,2026-05-25T12:32:32+00:00,
orig,7,6,SUCCESS,0,15.84989,515376,15.32,0.46,1642447,7,cn99,2026-05-25T12:29:51+00:00,2026-05-25T12:32:32+00:00,
orig,7,7,SUCCESS,0,16.012786,515248,15.42,0.52,1642447,7,cn99,2026-05-25T12:29:51+00:00,2026-05-25T12:32:32+00:00,
orig,7,8,SUCCESS,0,15.895975,514928,15.37,0.45,1642447,7,cn99,2026-05-25T12:29:51+00:00,2026-05-25T12:32:32+00:00,
orig,7,9,SUCCESS,0,15.899619,515376,15.33,0.49,1642447,7,cn99,2026-05-25T12:29:51+00:00,2026-05-25T12:32:32+00:00,
orig,7,10,SUCCESS,0,16.088319,515452,15.34,0.67,1642447,7,cn99,2026-05-25T12:29:51+00:00,2026-05-25T12:32:32+00:00,
orig,8,1,SUCCESS,0,135.428021,1699212,132.96,2.15,1642447,8,cn99,2026-05-25T12:32:33+00:00,2026-05-25T12:57:06+00:00,
orig,8,2,SUCCESS,0,134.316125,1699268,132.26,1.76,1642447,8,cn99,2026-05-25T12:32:33+00:00,2026-05-25T12:57:06+00:00,
orig,8,3,SUCCESS,0,134.51447,1699360,132.51,1.73,1642447,8,cn99,2026-05-25T12:32:33+00:00,2026-05-25T12:57:06+00:00,
orig,8,4,SUCCESS,0,134.952043,1699212,132.78,1.87,1642447,8,cn99,2026-05-25T12:32:33+00:00,2026-05-25T12:57:06+00:00,
orig,8,5,SUCCESS,0,146.665124,1699196,144.46,1.92,1642447,8,cn99,2026-05-25T12:32:33+00:00,2026-05-25T12:57:06+00:00,
orig,8,6,SUCCESS,0,155.491467,1699064,153.58,1.59,1642447,8,cn99,2026-05-25T12:32:33+00:00,2026-05-25T12:57:06+00:00,
orig,8,7,SUCCESS,0,161.77766,1699164,159.97,1.47,1642447,8,cn99,2026-05-25T12:32:33+00:00,2026-05-25T12:57:06+00:00,
orig,8,8,SUCCESS,0,158.306885,1699104,156.52,1.46,1642447,8,cn99,2026-05-25T12:32:33+00:00,2026-05-25T12:57:06+00:00,
orig,8,9,SUCCESS,0,150.796382,1699104,148.96,1.52,1642447,8,cn99,2026-05-25T12:32:33+00:00,2026-05-25T12:57:06+00:00,
orig,8,10,SUCCESS,0,159.769537,1699036,157.95,1.49,1642447,8,cn99,2026-05-25T12:32:33+00:00,2026-05-25T12:57:06+00:00,
orig,9,1,TIMEOUT,124,,,1786.52,11.13,1642447,9,cn99,2026-05-25T12:42:17+00:00,2026-05-25T17:35:15+00:00,killed by timeout at 1800.376960s (cap 1800s); exit 124
orig,9,2,SUCCESS,0,1749.284957,5789540,1730.55,15.86,1642447,9,cn99,2026-05-25T12:42:17+00:00,2026-05-25T17:35:15+00:00,
orig,9,3,SUCCESS,0,1746.02309,5789692,1728.64,14.56,1642447,9,cn99,2026-05-25T12:42:17+00:00,2026-05-25T17:35:15+00:00,
orig,9,4,SUCCESS,0,1751.265913,5789712,1732.43,15.99,1642447,9,cn99,2026-05-25T12:42:17+00:00,2026-05-25T17:35:15+00:00,
orig,9,5,SUCCESS,0,1753.54189,5789696,1734.22,16.5,1642447,9,cn99,2026-05-25T12:42:17+00:00,2026-05-25T17:35:15+00:00,
orig,9,6,SUCCESS,0,1749.399178,5789588,1729.88,16.53,1642447,9,cn99,2026-05-25T12:42:17+00:00,2026-05-25T17:35:15+00:00,
orig,9,7,SUCCESS,0,1745.962476,5789692,1731.0,12.16,1642447,9,cn99,2026-05-25T12:42:17+00:00,2026-05-25T17:35:15+00:00,
orig,9,8,SUCCESS,0,1751.686302,5789076,1732.99,15.9,1642447,9,cn99,2026-05-25T12:42:17+00:00,2026-05-25T17:35:15+00:00,
orig,9,9,SUCCESS,0,1746.200514,5789800,1728.05,15.27,1642447,9,cn99,2026-05-25T12:42:17+00:00,2026-05-25T17:35:15+00:00,
orig,9,10,SUCCESS,0,1783.868195,5789792,1765.76,15.23,1642447,9,cn99,2026-05-25T12:42:17+00:00,2026-05-25T17:35:15+00:00,
